article_id,title,origin,source_id,added_at
article-001,大麻所持容疑で建設業の男(20)を逮捕<宮城・石巻市>(ミヤギテレビ),initial-23,4caff8d9b9eaba33bae0658c25110657,2026-09-20
article-002,積水ハウス株価、午後買い続かず 27年1月期純利益3%減に上方修正,initial-23,3738dd066ba14d440e27d1ea8abbf675,2026-09-20
article-003,「ゴロゴロ、ドサドサと...」未明の崩落に住民避難 さらに崩れる危険も 東京・大島町は今夜から再び雨が降る予報,initial-23,34a0bac0462856b1ef07e228967a2c5e,2026-09-20
article-004,ブルーボトルコーヒーの秋限定「ミソキャラメルラテ」 清澄白河・豊洲で提供(みんなの経済新聞ネットワーク),initial-23,a173ae86f8f1aa04fd48b8cef7e67b37,2026-09-20
article-005,「深く深くお詫び」中道・野田佳彦氏、3党合流断念に 落選者から「無知蒙昧」の批判も(産経新聞),initial-23,7a2956dc64fa1ce69b2e31e51e1f921e,2026-09-20
article-006,ローソン、公式Xアカウントのフォロワー数が国内の企業単独アカウントとして初の1000万人突破(グルメ Watch),initial-23,8f4ad71bdb24c183190513fc279d5dc6,2026-09-20
article-007,JO1のROCK IN JAPANフェス2026ライブレポと写真、セトリが到着 「東リべ」OP曲“IGNITE”を特攻服姿で初披露 - イベント&ライブ・レポート,initial-23,8615c1d8d8230f8f0c8e8298f708ef94,2026-09-20
article-008,筋トレで成果が出にくい人がやっている「NG習慣」とは?(ダイヤモンド・オンライン),initial-23,df41ce38f6b72f57a6951bf701867d1e,2026-09-20
article-009,アトレティコの新星FWが“2年越し”の出場停止処分...リバプールとのCL初戦は欠場へ,initial-23,2a2a1e3acb7cd257a37991b1d9377065,2026-09-20
article-010,経産相、対米投資第3弾「電力に重点」 原発事故責任「日本負わず」,initial-23,76a97e7a0c99e7e0b1934e4faacf03c6,2026-09-20
article-011,米消費者の失業率上昇予想、20年4月以来の高水準 NY連銀調査,initial-23,7d50efdc9b32caac8a29562b1e165a4b,2026-09-20
article-012,夫婦の出会い、SNSやアプリが2割 出生動向基本調査を読む,initial-23,968fa749472840d58b2cfff384e788f8,2026-09-20
article-013,大企業の7〜9月景況感、2四半期ぶりのプラスに,initial-23,b91172e8cc449816135ce59ea9022be3,2026-09-20
article-014,「余命デザイン」のススメ 限りある時間、よりよく生きる,initial-23,3754faf1769efa169a9a2dd7c0364ee4,2026-09-20
article-015,「一人で悩まず、まずは早めの相談を」~ 中小企業活性化全国本部 インタビュー ~(東京商工リサーチ),initial-23,59ebf63a6af91b23200b25da3199fa83,2026-09-20
article-016,「こども未来館ここにこ」累計来館者数1000万人達成!,initial-23,c4f66fdd6c0f5c38ffeb7b913f353285,2026-09-20
article-017,アンソロCEO、AI業界に開発減速要求,initial-23,3881ec70018566709249b14b12802ca8,2026-09-20
article-018,欧州責任者が語る『フィアット』のあるべき姿 原点に立ち返り再出発 課題はパンダ後継車 新型『グリズリー』の車名に込めた意味とは(AUTOCAR JAPAN),initial-23,8d6694b62c042dfc3464d5c99a856614,2026-09-20
article-019,食料品消費減税の財源に法人税増税は「賛成できない」 経団連 筒井会長(テレビ朝日系(ANN)),initial-23,6fda86fd7ecc57aaae2d7f67badabd1f,2026-09-20
article-020,『紅の砂漠Enhanced』初DLC「未知なる旅路」が10月16日発売、海洋探索や新強敵を追加 - AppBank,initial-23,9b7faeeb3a6fb1aa11c8a096d8f5a150,2026-09-20
article-021,金熊香水から八ヶ岳の 風景を 香りで 綴る 新しいフレグランスシリーズ 「YATSUGATAKE SCENT JOURNAL」が誕生します,initial-23,febbbecaf373a208b8307382734f6bed,2026-09-20
article-022,エッジコネックス、シンガポールの「Sustainable Tropical Data Centre Testbed 2.0」にトップティアのアンカーパートナーとして参画,initial-23,a4eb16fda20e63f34bf1888b746e0362,2026-09-20
article-023,アスカネットがツーリズムEXPOジャパン2026に出展 ~バーチャルとリアルを繋ぐ 新しい地方創生~,initial-23,59cf57b6017d3d273437c70cead322e6,2026-09-20
"article-024","WEST.活動終了 中間が生放送で謝罪","newsdata-2026-09","103d30977c955a742a0155fa61b667a2","2026-09-26"
"article-025","6階から娘2人投げ落としたか 父逮捕","newsdata-2026-09","b5062b41f02e535d0648b47d5116a573","2026-09-26"
"article-026","「ワイドタックパンツ似合わなかった民集合」 ユニクロの“4990円ワイドストレートパンツ”に「天才的シルエット」「3色買いしました」の声(ねとらぼ)","newsdata-2026-09","01a3a033fa0336470f39b6cd34ab1cd6","2026-09-26"
"article-027","11歳の神童「ゆうき」こと栗原悠輝、eスポーツで史上最年少記録 アジア大会","newsdata-2026-09","da1a3f1ac8d1e339562a60036d6b3900","2026-09-26"
"article-028","伝説の「ゴルディーニ」ロードカー復活なるか？ ルノーが270馬力の2ドアEVクーペを初公開(WEB CARTOP)","newsdata-2026-09","081fdbcb114582d7c107ef43d796df98","2026-09-26"
"article-029","「PINGU(TM) meets アドベンチャーワールド」続報！特典付き入園券＆コラボメニュー・ギフトが登場！","newsdata-2026-09","0b07840912e68ab934b95e03a08e5dd5","2026-09-26"
"article-030","yourday（ユアデイ）| 大人の女性の日常に寄り添うヨガウェアブランド誕生","newsdata-2026-09","c3b690b978c3cc92bde85407cefb3493","2026-09-26"
"article-031","広告レポートの自動取得が止まる前に。媒体APIの期限と自社の依存箇所を突き合わせる仕組みをAXerで提供開始","newsdata-2026-09","d986c17e279773cb2a8ad564b4da0d27","2026-09-26"
"article-032","10/3(土)・10/4(日) ZIP-FM 33rd Anniversary「ZIP AUTUMN SQUARE」開催！","newsdata-2026-09","17b373a6c02f5e6ebcd2c536912ecf33","2026-09-26"
"article-033","【ワカモノリサーチ調査】意外と等倍視聴がメジャー！？ 令和の若者の動画視聴について大調査！","newsdata-2026-09","e94e4ae6cf738fea8e36949cbaa12b51","2026-09-26"
"article-034","QQEnglish、9月30日に学校教員向け無料ウェビナーを開催｜ALTを「配置する」だけで終わらせない、徳島県海陽町のグローバル教育事例を紹介","newsdata-2026-09","9cac0c46f081ac808bfe57efb2d38f94","2026-09-26"
article-035,パワーカップルも楽じゃない 第29回 【漫画】クリニック経営、バイオリニスト、ハーバード卒…妻の親戚が“華麗なる一族”すぎた,newsdata-2026-09,cf3081a148896fac5e9358041ab5acc4,2026-09-26
article-036,男子バレー開幕2日前…ファン悶絶の出来事「かわいぃぃぃ」「愛され末っ子」仲間に囲まれた23歳,newsdata-2026-09,82629a273f7643abee5235938ec803df,2026-09-26
article-037,【速報中】大谷翔平「１番DH」でジャイアンツ戦 31号出るか 佐々木朗希は救援で登板予定,newsdata-2026-09,2e227b54c2e4beaab1d353c76f84484c,2026-09-26
article-038,「生の下着が価値がある」インナーパンツは“失敗作”として拡散 サブスク化する盗撮コミュニティの闇,newsdata-2026-09,63740d38c22c39056e7899ea4eb4fca7,2026-09-26
article-039,震度2 熊本県熊本地方 2026年09月26日10:43ごろ 地震詳細,newsdata-2026-09,f2422282e337e446342bde3f3ce93e98,2026-09-26
article-040,【アジア大会】開幕から約１週間 日本の金メダル数は全体２位 井上康生氏「うれしさを感じている」 | 記事 | 東スポWEB,newsdata-2026-09,515f16b17437e2bec6afbf53c9b675be,2026-09-26
article-041,マッチ1本で「殴り、跳ぶ」ダークメトロイドヴァニア『井戸の鳥』、貫禄の「好評率96％」スタート。「圧倒的に好評」作品を数々手がけた開発者新作,newsdata-2026-09,70ac433519118808ad6d986e2af8d140,2026-09-26
article-042,「仮面ライダーマイス」第4話あらすじ オオカミの新フォームが登場,newsdata-2026-09,0bab6074e5d618c970e9ae0b925988f9,2026-09-26
article-043,『オールスター感謝祭』放送70回記念SP 豪華出演者が集結,newsdata-2026-09,544dc09a565e645e0539355e81f004a0,2026-09-26
article-044,ロバート馬場、簡単かつヘルシー「ニンニク砂肝」 1人前260円でできるレシピに反響「スタミナつきそう！」,newsdata-2026-09,32e2f5f1e13d0ea783299e618834cf11,2026-09-26
article-045,「座ってるようにしか見えないけど…」トリックアートのようなニャンコが話題に「重力すら無視する猫様」「忍者の練習？」,newsdata-2026-09,61e1f0a9c059ed1ff7f7b04f0d4fa6b9,2026-09-26
article-046,フラアニ枠のアニメ『これ描いて死ね』、第2期制作決定！,newsdata-2026-09,67f78869556282f8b891dfb92a167e1a,2026-09-26
article-047,秋元康プロデュース・Cloud tenがついに女性誌初グラビア！「横の席の方がラッキーかも！」 編集部認定“神4”が劇場をご案内♪,newsdata-2026-09,ae2dffaa3da7b3fdfad606ab9f6b16a0,2026-09-26
article-048,【たった5分で完成】プロ直伝！生ハムとカマンベールのとろける絶品ブルスケッタがウマい…イタリアビールとの至高ペアリングを検証(MonoMax Web),newsdata-2026-09,00de690449aba77fd74f2229650b7e59,2026-09-26
article-049,機嫌よさそうなヤモリの表情が想像以上にニコニコだった。「漫画みたい」「ホント楽しそう」と8万超「いいね」(ハフポスト日本版),newsdata-2026-09,37324cf71a1ffeb7674b2447cbf002c8,2026-09-26
article-050,“Suicaの新キャラ候補”を描いた美大生、教室に貼ると…⇨4日後の光景に「もはや個展レベル」と12万いいね(ハフポスト日本版),newsdata-2026-09,5195041d68db82d6fe24074be416c562,2026-09-26
article-051,【クリニーク・クリスマスコフレ】選べる保湿ケアセットや、人気スキンケアアイテムセットが登場！(VOCE),newsdata-2026-09,a748ae6884735500773d7d8a7e778de2,2026-09-26
article-052,ひざが“ギシギシきしむ”人は要注意！痛くなる前の見逃しがちな《初期症状》＆解消するための運動【有働由美子の健康案内人！】,newsdata-2026-09,0cc22c0647b229aa873c5f44c1ed7667,2026-09-26
article-053,【超悲報】ジョジョアニメ、ＥＤが酷すぎて炎上ｗｗｗｗｗｗｗｗｗｗｗｗ,newsdata-2026-09,93d7bfba5379edefc95627df3735e125,2026-09-26
